dll	name	ordinal	hint	iat_rva	iat_va
ole32.dll	CoCreateInstance		1	569580	4763884
ole32.dll	CoInitialize		2	569584	4763888
ole32.dll	CoUninitialize		3	569588	4763892
WINMM.dll	auxGetDevCapsA		1	569672	4763976
WINMM.dll	auxGetNumDevs		2	569676	4763980
WINMM.dll	auxGetVolume		3	569680	4763984
WINMM.dll	auxSetVolume		4	569684	4763988
WINMM.dll	mciSendCommandA		5	569688	4763992
WINMM.dll	midiOutGetDevCapsA		6	569692	4763996
WINMM.dll	midiOutGetNumDevs		7	569696	4764000
WINMM.dll	midiOutGetVolume		8	569700	4764004
WINMM.dll	midiOutSetVolume		9	569704	4764008
WINMM.dll	timeBeginPeriod		10	569708	4764012
WINMM.dll	timeEndPeriod		11	569712	4764016
WINMM.dll	timeGetDevCaps		12	569716	4764020
WINMM.dll	timeKillEvent		13	569720	4764024
WINMM.dll	timeSetEvent		14	569724	4764028
WINMM.dll	waveOutGetDevCapsA		15	569728	4764032
WINMM.dll	waveOutGetNumDevs		16	569732	4764036
WINMM.dll	waveOutGetVolume		17	569736	4764040
WINMM.dll	waveOutSetVolume		18	569740	4764044
GDI32.dll	CreateFontIndirectA		1	569796	4764100
GDI32.dll	CreateSolidBrush		2	569800	4764104
GDI32.dll	DPtoLP		3	569804	4764108
GDI32.dll	DeleteObject		4	569808	4764112
GDI32.dll	GetStockObject		5	569812	4764116
GDI32.dll	SelectObject		6	569816	4764120
GDI32.dll	SetBkColor		7	569820	4764124
GDI32.dll	SetBkMode		8	569824	4764128
GDI32.dll	SetTextAlign		9	569828	4764132
GDI32.dll	SetTextColor		10	569832	4764136
GDI32.dll	TextOutA		11	569836	4764140
KERNEL32.dll	CloseHandle		1	569912	4764216
KERNEL32.dll	CreateFileA		2	569916	4764220
KERNEL32.dll	DeleteFileA		3	569920	4764224
KERNEL32.dll	GetCommandLineA		4	569924	4764228
KERNEL32.dll	GetCurrentDirectoryA		5	569928	4764232
KERNEL32.dll	GetLastError		6	569932	4764236
KERNEL32.dll	GetPrivateProfileIntA		7	569936	4764240
KERNEL32.dll	GetPrivateProfileStringA		8	569940	4764244
KERNEL32.dll	GetTickCount		9	569944	4764248
KERNEL32.dll	GlobalMemoryStatus		10	569948	4764252
KERNEL32.dll	MoveFileA		11	569952	4764256
KERNEL32.dll	MultiByteToWideChar		12	569956	4764260
KERNEL32.dll	ReadFile		13	569960	4764264
KERNEL32.dll	SetFilePointer		14	569964	4764268
KERNEL32.dll	WriteFile		15	569968	4764272
KERNEL32.dll	WritePrivateProfileStringA		16	569972	4764276
USER32.dll	AppendMenuA		1	570176	4764480
USER32.dll	BeginPaint		2	570180	4764484
USER32.dll	ClientToScreen		3	570184	4764488
USER32.dll	CreatePopupMenu		4	570188	4764492
USER32.dll	CreateWindowExA		5	570192	4764496
USER32.dll	DefWindowProcA		6	570196	4764500
USER32.dll	DestroyMenu		7	570200	4764504
USER32.dll	DestroyWindow		8	570204	4764508
USER32.dll	DialogBoxParamA		9	570208	4764512
USER32.dll	DispatchMessageA		10	570212	4764516
USER32.dll	DrawTextA		11	570216	4764520
USER32.dll	EndDialog		12	570220	4764524
USER32.dll	EndPaint		13	570224	4764528
USER32.dll	GetAsyncKeyState		14	570228	4764532
USER32.dll	GetClientRect		15	570232	4764536
USER32.dll	GetDlgItem		16	570236	4764540
USER32.dll	GetDlgItemInt		17	570240	4764544
USER32.dll	GetDlgItemTextA		18	570244	4764548
USER32.dll	GetMessageA		19	570248	4764552
USER32.dll	GetSysColor		20	570252	4764556
USER32.dll	GetSystemMetrics		21	570256	4764560
USER32.dll	InvalidateRect		22	570260	4764564
USER32.dll	KillTimer		23	570264	4764568
USER32.dll	LoadCursorA		24	570268	4764572
USER32.dll	LoadIconA		25	570272	4764576
USER32.dll	LoadMenuA		26	570276	4764580
USER32.dll	LoadStringA		27	570280	4764584
USER32.dll	MessageBeep		28	570284	4764588
USER32.dll	MessageBoxA		29	570288	4764592
USER32.dll	MsgWaitForMultipleObjects		30	570292	4764596
USER32.dll	PeekMessageA		31	570296	4764600
USER32.dll	PostMessageA		32	570300	4764604
USER32.dll	PostQuitMessage		33	570304	4764608
USER32.dll	RegisterClassA		34	570308	4764612
USER32.dll	ScreenToClient		35	570312	4764616
USER32.dll	SendMessageA		36	570316	4764620
USER32.dll	SetCursor		37	570320	4764624
USER32.dll	SetCursorPos		38	570324	4764628
USER32.dll	SetDlgItemTextA		39	570328	4764632
USER32.dll	SetMenu		40	570332	4764636
USER32.dll	SetScrollInfo		41	570336	4764640
USER32.dll	SetSysColors		42	570340	4764644
USER32.dll	SetTimer		43	570344	4764648
USER32.dll	ShowCursor		44	570348	4764652
USER32.dll	ShowWindow		45	570352	4764656
USER32.dll	TrackPopupMenu		46	570356	4764660
USER32.dll	TranslateMessage		47	570360	4764664
USER32.dll	UpdateWindow		48	570364	4764668
USER32.DLL	GetActiveWindow		1	570384	4764688
USER32.DLL	wsprintfA		2	570388	4764692
KERNEL32.DLL	CloseHandle		1	570568	4764872
KERNEL32.DLL	CreateEventA		2	570572	4764876
KERNEL32.DLL	CreateFileA		3	570576	4764880
KERNEL32.DLL	CreateMutexA		4	570580	4764884
KERNEL32.DLL	CreateThread		5	570584	4764888
KERNEL32.DLL	DeleteFileA		6	570588	4764892
KERNEL32.DLL	ExitProcess		7	570592	4764896
KERNEL32.DLL	ExitThread		8	570596	4764900
KERNEL32.DLL	GetCommandLineA		9	570600	4764904
KERNEL32.DLL	GetConsoleMode		10	570604	4764908
KERNEL32.DLL	GetCurrentProcessId		11	570608	4764912
KERNEL32.DLL	GetCurrentThreadId		12	570612	4764916
KERNEL32.DLL	GetCurrentThread		13	570616	4764920
KERNEL32.DLL	GetEnvironmentStrings		14	570620	4764924
KERNEL32.DLL	GetFileType		15	570624	4764928
KERNEL32.DLL	GetLastError		16	570628	4764932
KERNEL32.DLL	GetLocalTime		17	570632	4764936
KERNEL32.DLL	GetModuleFileNameA		18	570636	4764940
KERNEL32.DLL	GetModuleHandleA		19	570640	4764944
KERNEL32.DLL	GetProcAddress		20	570644	4764948
KERNEL32.DLL	GetStdHandle		21	570648	4764952
KERNEL32.DLL	GetTimeZoneInformation		22	570652	4764956
KERNEL32.DLL	GetVersion		23	570656	4764960
KERNEL32.DLL	LoadLibraryA		24	570660	4764964
KERNEL32.DLL	PeekConsoleInputA		25	570664	4764968
KERNEL32.DLL	ReadConsoleInputA		26	570668	4764972
KERNEL32.DLL	ReleaseMutex		27	570672	4764976
KERNEL32.DLL	RtlUnwind		28	570676	4764980
KERNEL32.DLL	SetConsoleCtrlHandler		29	570680	4764984
KERNEL32.DLL	SetConsoleMode		30	570684	4764988
KERNEL32.DLL	SetEvent		31	570688	4764992
KERNEL32.DLL	SetFilePointer		32	570692	4764996
KERNEL32.DLL	SetStdHandle		33	570696	4765000
KERNEL32.DLL	TlsAlloc		34	570700	4765004
KERNEL32.DLL	TlsFree		35	570704	4765008
KERNEL32.DLL	TlsGetValue		36	570708	4765012
KERNEL32.DLL	TlsSetValue		37	570712	4765016
KERNEL32.DLL	VirtualAlloc		38	570716	4765020
KERNEL32.DLL	VirtualFree		39	570720	4765024
KERNEL32.DLL	WaitForSingleObject		40	570724	4765028
KERNEL32.DLL	WriteConsoleA		41	570728	4765032
KERNEL32.DLL	WriteFile		42	570732	4765036
DSOUND.dll	DirectSoundCreate		1	570748	4765052
DDRAW.dll	DirectDrawCreate		1	570764	4765068
comdlg32.dll	GetOpenFileNameA		1	570780	4765084
