offset	rva	va	encoding	text
312327	315399	4509703	cp1252	INIT_ALLCheck1
312359	315431	4509735	cp1252	INIT_ALLCheck2
312391	315463	4509767	cp1252	INIT_ALLCheck3
312423	315495	4509799	cp1252	INIT_ALLCheck4
312455	315527	4509831	cp1252	INIT_ALLCheck5
312487	315559	4509863	cp1252	INIT_ALLCheck6
312519	315591	4509895	cp1252	INIT_ALLCheck7
312572	315644	4509948	cp1252	INIT_ALLCheck8
312604	315676	4509980	cp1252	INIT_ALLCheck9
312636	315708	4510012	cp1252	INIT_ALLCheck9.1
312670	315742	4510046	cp1252	INIT_ALLCheck10
312726	315798	4510102	cp1252	INIT_ALLCheck11
312788	315860	4510164	cp1252	INIT_VARSCheck1
312821	315893	4510197	cp1252	INIT_VARSCheck2
312854	315926	4510230	cp1252	INIT_VARSCheck3
312887	315959	4510263	cp1252	INIT_VARSCheck4
312920	315992	4510296	cp1252	INIT_GAMECheck1
312953	316025	4510329	cp1252	INIT_GAMECheck2
312986	316058	4510362	cp1252	INIT_GAMECheck3
313040	316112	4510416	cp1252	LOAD_ALLCheck1
313101	316173	4510477	cp1252	DIA INIT
313113	316185	4510489	cp1252	LOAD_ALLCheck2
313183	316255	4510559	cp1252	LOAD_ALLCheck3
313281	316353	4510657	cp1252	LOAD_ALLCheck4
313383	316455	4510759	cp1252	LOAD_ALLCheck5
313484	316556	4510860	cp1252	LOAD_ALLCheck6
313598	316670	4510974	cp1252	LOAD_ALLCheck7
313660	316732	4511036	cp1252	LOAD_ALLCheck8
313692	316764	4511068	cp1252	INIT_CD_PATHCheck1
313738	316810	4511114	cp1252	INIT_CD_PATHCheck2
313832	316904	4511208	cp1252	INIT_CD_PATHCheck3
313868	316940	4511244	cp1252	INIT_CD_PATHCheck4
314074	317146	4511450	cp1252	INIT_ONCE_VARSCheck1
314112	317184	4511488	cp1252	INIT_ONCE_VARSCheck2
314150	317222	4511526	cp1252	INIT_GAME_VARSCheck1
314215	317287	4511591	cp1252	INIT_GAME_VARSCheck2
314317	317389	4511693	cp1252	INIT_GAME_VARSCheck3
314355	317427	4511731	cp1252	INIT_GAME_VARSCheck4
314393	317465	4511769	cp1252	INIT_GAME_VARSCheck5
314431	317503	4511807	cp1252	INIT_GAME_VARSCheck6
314474	317546	4511850	cp1252	INIT_GAME_VARSCheck7
314512	317584	4511888	cp1252	INIT_GAME_VARSCheck8
314550	317622	4511926	cp1252	INIT_GAME_VARSCheck9
314588	317660	4511964	cp1252	INIT_GAME_VARSCheck10
314624	317696	4512000	cp1252	W_DEBUG.DAT
314638	317710	4512014	cp1252	W_DEBUG.DAT
315584	318656	4512960	cp1252	INIT_STREAM_ANI
315618	318690	4512994	cp1252	INIT_STUFECheck1
315652	318724	4513028	cp1252	INIT_STUFECheck2
315686	318758	4513062	cp1252	INIT_STUFECheck3
315720	318792	4513096	cp1252	INIT_STUFECheck3
315765	318837	4513141	cp1252	DATA\PERSO\HLP.DAT
316370	319442	4513746	cp1252	Load Game
316380	319452	4513756	cp1252	Load Game
317238	320310	4514614	cp1252	Dialog Background load
320244	323316	4517620	cp1252	Couldn't get Back Surface_1!
320274	323346	4517650	cp1252	Primary Surface Initialization Failed!
320343	323415	4517719	cp1252	Timer not initialized !!
320369	323441	4517745	cp1252	Main Window Init Failed 
320455	323527	4517831	cp1252	Main Window Init Failed 
320481	323553	4517857	cp1252	Direct Draw ERROR!!
320540	323612	4517916	cp1252	Direct Draw ERROR!!
320560	323632	4517936	cp1252	 Init Failed (%08lx)
320582	323654	4517958	cp1252	Direct Draw ERROR!!
320602	323674	4517978	cp1252	 No Main Window initialized!
320632	323704	4518008	cp1252	Direct Draw ERROR!!
320691	323763	4518067	cp1252	Direct Draw ERROR!!
320711	323783	4518087	cp1252	 Init Failed (%08lx)
320733	323805	4518109	cp1252	Direct Draw ERROR!!
320753	323825	4518129	cp1252	 No Main Window initialized!
320985	324057	4518361	cp1252	Direct Draw ERROR!!
321379	324451	4518755	cp1252	Object is already initialized!
321505	324577	4518881	cp1252	Dircect Sound Object not initialized!
322885	325957	4520261	cp1252	POOL_CLASS-> Lesen Chunk-Header Quellfile.
322928	326000	4520304	cp1252	POOL_CLASS-> Schreiben Chunk-Header Zielfile.
322974	326046	4520350	cp1252	POOL_CLASS-> Schreiben Chunk-Daten Zielfile.
323500	326572	4520876	cp1252	Can't render file
323783	326855	4521159	cp1252	GetDirectDrawVideo
323856	326928	4521232	cp1252	€f@333333ë?333333ë?PRIMARY SURFACE NOT LOCKED
323902	326974	4521278	cp1252	SECONDARY SURFACE_2 NOT LOCKED
324014	327086	4521390	cp1252	Surface Busy!!!
324031	327103	4521407	cp1252	Surface lost!!!
324064	327136	4521440	cp1252	Attempt to lock Primary Surface!!!
324100	327172	4521476	cp1252	Attempt to lock already locked Surface!!!
324334	327406	4521710	cp1252	Falscher Surface Type!!!
324529	327601	4521905	cp1252	Creative Voice File
324562	327634	4521938	cp1252	CREATIVE VOICE FILE
325636	328708	4523012	cp1252	Not enough memory to allocate file structures
325688	328760	4523064	cp1252	Floating-point support not loaded
327872	330944	4525248	cp1252	SEARCH FILE
332066	335138	4529442	cp1252	Fehler beim Lesen der Farbpalette
332474	335546	4529850	cp1252	Couldn't open file 
332494	335566	4529870	cp1252	Error while reading the file
332523	335595	4529899	cp1252	Error while writing the file
332552	335624	4529928	cp1252	Couldn't close file
332572	335644	4529948	cp1252	File-Format not known
332619	335691	4529995	cp1252	Error while reading Color-Palette
332653	335725	4530029	cp1252	Invalid File-Format
332673	335745	4530049	cp1252	File is not  >>.VOC<<
332695	335767	4530071	cp1252	Not supported MOD-File
343538	570866	4765170	cp1252	DSOUND.dll
343549	570877	4765181	cp1252	DDRAW.dll
343594	570922	4765226	cp1252	CoInitialize
343610	570938	4765242	cp1252	CoUninitialize
343960	571288	4765592	cp1252	CreateFontIndirectA
344062	571390	4765694	cp1252	SetBkColor
344104	571432	4765736	cp1252	SetTextColor
344146	571474	4765778	cp1252	CreateFileA
344160	571488	4765792	cp1252	DeleteFileA
344192	571520	4765824	cp1252	GetCurrentDirectoryA
344232	571560	4765864	cp1252	GetPrivateProfileIntA
344256	571584	4765888	cp1252	GetPrivateProfileStringA
344322	571650	4765954	cp1252	MoveFileA
344356	571684	4765988	cp1252	ReadFile
344368	571696	4766000	cp1252	SetFilePointer
344386	571714	4766018	cp1252	WriteFile
344398	571726	4766030	cp1252	WritePrivateProfileStringA
344456	571784	4766088	cp1252	ClientToScreen
344730	572058	4766362	cp1252	GetSysColor
344794	572122	4766426	cp1252	LoadCursorA
344808	572136	4766440	cp1252	LoadIconA
344820	572148	4766452	cp1252	LoadMenuA
344832	572160	4766464	cp1252	LoadStringA
344970	572298	4766602	cp1252	ScreenToClient
345076	572404	4766708	cp1252	SetSysColors
345246	572574	4766878	cp1252	CreateFileA
345292	572620	4766924	cp1252	DeleteFileA
345458	572786	4767090	cp1252	GetFileType
345504	572832	4767136	cp1252	GetModuleFileNameA
345620	572948	4767252	cp1252	LoadLibraryA
345758	573086	4767390	cp1252	SetFilePointer
345910	573238	4767542	cp1252	WriteFile
345922	573250	4767554	cp1252	DirectSoundCreate
345942	573270	4767574	cp1252	DirectDrawCreate
345962	573290	4767594	cp1252	GetOpenFileNameA
400616	629992	4824296	utf-16-le	Write screenplay[Honey! You're really creative, but it's better to make one whole movie than dream about %d!
406908	636284	4830588	utf-16-le	YUnfortunately you still haven't got a screenplay writer, even if it looks as if you have!>You can see the production assistant, but you haven't got one!
407372	636748	4831052	utf-16-le	Look at actors file
407412	636788	4831092	utf-16-le	Look at staff file
409400	638776	4833080	utf-16-le	a casting director
409456	638832	4833136	utf-16-le	a screenplay writer
409770	639146	4833450	utf-16-le	a director
413680	643056	4837360	utf-16-le	There's no screenplay yet!
413822	643198	4837502	utf-16-le	Casting Director
413870	643246	4837550	utf-16-le	Screenplay writer
414132	643508	4837812	utf-16-le	Director
425004	654380	4848684	utf-16-le	Assign director
425198	654574	4848878	utf-16-le	Available titles:0Well honey, you should cast at least two actors.<You can't wait for it? But you still have to choose a movie!+The director recommends %d days of shooting
429426	658802	4853106	utf-16-le	%s has lost the part!;The director is completely frustrated and has given notice!
429596	658972	4853276	utf-16-le	/The director didn't ask for that. Do it anyway?
434692	664068	4858372	utf-16-le	try again?IThe motel owner has filed a complaint with the cops because of the brawl.
448574	677950	4872254	utf-16-le	st2_init.cut
